team,players_used,possession,games,games_starts,minutes,goals,assists,pens_made,pens_att,cards_yellow,cards_red,goals_per90,assists_per90,goals_assists_per90,goals_pens_per90,goals_assists_pens_per90,xg,npxg,xg_per90,npxg_per90,gk_games,gk_games_starts,gk_minutes,gk_goals_against,gk_goals_against_per90,gk_shots_on_target_against,gk_saves,gk_save_pct,gk_wins,gk_ties,gk_losses,gk_clean_sheets,gk_clean_sheets_pct,gk_pens_att,gk_pens_allowed,gk_pens_saved,gk_pens_missed,minutes_90s,gk_free_kick_goals_against,gk_corner_kick_goals_against,gk_own_goals_against,gk_psxg,gk_psnpxg_per_shot_on_target_against,gk_psxg_net,gk_psxg_net_per90,gk_passes_completed_launched,gk_passes_launched,gk_passes_pct_launched,gk_passes,gk_passes_throws,gk_pct_passes_launched,gk_passes_length_avg,gk_goal_kicks,gk_pct_goal_kicks_launched,gk_goal_kick_length_avg,gk_crosses,gk_crosses_stopped,gk_crosses_stopped_pct,gk_def_actions_outside_pen_area,gk_def_actions_outside_pen_area_per90,gk_avg_distance_def_actions,shots_on_target,shots_free_kicks,shots_on_target_pct,shots_on_target_per90,goals_per_shot,goals_per_shot_on_target,npxg_per_shot,xg_net,npxg_net,passes_completed,passes,passes_pct,passes_total_distance,passes_progressive_distance,passes_completed_short,passes_short,passes_pct_short,passes_completed_medium,passes_medium,passes_pct_medium,passes_completed_long,passes_long,passes_pct_long,assisted_shots,passes_into_final_third,passes_into_penalty_area,crosses_into_penalty_area,progressive_passes,passes_live,passes_dead,passes_free_kicks,through_balls,passes_switches,crosses,corner_kicks,corner_kicks_in,corner_kicks_out,corner_kicks_straight,throw_ins,passes_offsides,passes_blocked,sca,sca_per90,sca_passes_live,sca_passes_dead,sca_shots,sca_fouled,gca,gca_per90,gca_passes_live,gca_passes_dead,gca_shots,gca_fouled,gca_defense,tackles,tackles_won,tackles_def_3rd,tackles_mid_3rd,tackles_att_3rd,blocks,blocked_shots,blocked_passes,interceptions,clearances,errors,touches,touches_def_pen_area,touches_def_3rd,touches_mid_3rd,touches_att_3rd,touches_att_pen_area,touches_live_ball,carries,progressive_carries,carries_into_final_third,carries_into_penalty_area,passes_received,miscontrols,dispossessed,cards_yellow_red,fouls,fouled,offsides,pens_won,pens_conceded,own_goals,ball_recoveries,aerials_won,aerials_lost,aerials_won_pct
Atalanta,27,55.2,38,418,"3,420",50,33,3,3,60,2,1.32,0.87,2.18,1.24,2.11,0.0,0.0,0.0,0.0,38,38,"3,420",36,0.95,152,115,76.3,15,14,9,13,34.2,4,2,2,0,38.0,0.0,0.0,0.0,0.0,0.0,0.0,0.0,0.0,0.0,0.0,0.0,0.0,0.0,0.0,0.0,0.0,0.0,0.0,0.0,0.0,0.0,0.0,0.0,175,0.0,31.1,4.61,0.08,0.27,0.0,0.0,0.0,0.0,0.0,0.0,0.0,0.0,0.0,0.0,0.0,0.0,0.0,0.0,0.0,0.0,0.0,0.0,0.0,0.0,0.0,0.0,0.0,0.0,0.0,0.0,0.0,711,0.0,0.0,0.0,0.0,0.0,0.0,0.0,0.0,0.0,0.0,0.0,0.0,0.0,0.0,0.0,0.0,0.0,0.0,0.0,0.0,0.0,361,0.0,0.0,0.0,0.0,0.0,0.0,313,0.0,0.0,0.0,0.0,0.0,0.0,0.0,0.0,0.0,0.0,0.0,0.0,0.0,0.0,0.0,0.0,1,450,365,73,0.0,0.0,1,0.0,0.0,0.0,0.0
Bologna,30,55.2,38,418,"3,420",47,30,5,7,67,6,1.24,0.79,2.03,1.11,1.89,0.0,0.0,0.0,0.0,38,38,"3,415",49,1.29,141,92,65.2,16,8,14,12,31.6,4,4,0,0,38.0,0.0,0.0,0.0,0.0,0.0,0.0,0.0,0.0,0.0,0.0,0.0,0.0,0.0,0.0,0.0,0.0,0.0,0.0,0.0,0.0,0.0,0.0,0.0,144,0.0,29.4,3.79,0.09,0.29,0.0,0.0,0.0,0.0,0.0,0.0,0.0,0.0,0.0,0.0,0.0,0.0,0.0,0.0,0.0,0.0,0.0,0.0,0.0,0.0,0.0,0.0,0.0,0.0,0.0,0.0,0.0,671,0.0,0.0,0.0,0.0,0.0,0.0,0.0,0.0,0.0,0.0,0.0,0.0,0.0,0.0,0.0,0.0,0.0,0.0,0.0,0.0,0.0,311,0.0,0.0,0.0,0.0,0.0,0.0,279,0.0,0.0,0.0,0.0,0.0,0.0,0.0,0.0,0.0,0.0,0.0,0.0,0.0,0.0,0.0,0.0,2,500,528,73,0.0,0.0,1,0.0,0.0,0.0,0.0
Cagliari,31,45.6,38,418,"3,420",40,30,2,2,81,2,1.05,0.79,1.84,1.0,1.79,0.0,0.0,0.0,0.0,38,38,"3,420",53,1.39,175,121,69.7,11,10,17,8,21.1,2,2,0,0,38.0,0.0,0.0,0.0,0.0,0.0,0.0,0.0,0.0,0.0,0.0,0.0,0.0,0.0,0.0,0.0,0.0,0.0,0.0,0.0,0.0,0.0,0.0,0.0,132,0.0,31.8,3.47,0.09,0.29,0.0,0.0,0.0,0.0,0.0,0.0,0.0,0.0,0.0,0.0,0.0,0.0,0.0,0.0,0.0,0.0,0.0,0.0,0.0,0.0,0.0,0.0,0.0,0.0,0.0,0.0,0.0,543,0.0,0.0,0.0,0.0,0.0,0.0,0.0,0.0,0.0,0.0,0.0,0.0,0.0,0.0,0.0,0.0,0.0,0.0,0.0,0.0,0.0,359,0.0,0.0,0.0,0.0,0.0,0.0,334,0.0,0.0,0.0,0.0,0.0,0.0,0.0,0.0,0.0,0.0,0.0,0.0,0.0,0.0,0.0,0.0,2,524,530,61,0.0,0.0,0,0.0,0.0,0.0,0.0
Como,24,61.6,38,418,"3,420",64,47,5,8,81,3,1.68,1.24,2.92,1.55,2.79,0.0,0.0,0.0,0.0,38,38,"3,420",29,0.76,116,86,75.0,20,11,7,19,50.0,6,5,1,0,38.0,0.0,0.0,0.0,0.0,0.0,0.0,0.0,0.0,0.0,0.0,0.0,0.0,0.0,0.0,0.0,0.0,0.0,0.0,0.0,0.0,0.0,0.0,0.0,194,0.0,35.3,5.11,0.11,0.3,0.0,0.0,0.0,0.0,0.0,0.0,0.0,0.0,0.0,0.0,0.0,0.0,0.0,0.0,0.0,0.0,0.0,0.0,0.0,0.0,0.0,0.0,0.0,0.0,0.0,0.0,0.0,617,0.0,0.0,0.0,0.0,0.0,0.0,0.0,0.0,0.0,0.0,0.0,0.0,0.0,0.0,0.0,0.0,0.0,0.0,0.0,0.0,0.0,374,0.0,0.0,0.0,0.0,0.0,0.0,263,0.0,0.0,0.0,0.0,0.0,0.0,0.0,0.0,0.0,0.0,0.0,0.0,0.0,0.0,0.0,0.0,1,509,449,43,0.0,0.0,0,0.0,0.0,0.0,0.0
Cremonese,32,46.6,38,418,"3,420",32,22,4,4,73,6,0.84,0.58,1.42,0.74,1.32,0.0,0.0,0.0,0.0,38,38,"3,420",57,1.5,195,138,70.8,8,10,20,11,28.9,6,4,2,0,38.0,0.0,0.0,0.0,0.0,0.0,0.0,0.0,0.0,0.0,0.0,0.0,0.0,0.0,0.0,0.0,0.0,0.0,0.0,0.0,0.0,0.0,0.0,0.0,125,0.0,36.1,3.29,0.08,0.22,0.0,0.0,0.0,0.0,0.0,0.0,0.0,0.0,0.0,0.0,0.0,0.0,0.0,0.0,0.0,0.0,0.0,0.0,0.0,0.0,0.0,0.0,0.0,0.0,0.0,0.0,0.0,685,0.0,0.0,0.0,0.0,0.0,0.0,0.0,0.0,0.0,0.0,0.0,0.0,0.0,0.0,0.0,0.0,0.0,0.0,0.0,0.0,0.0,300,0.0,0.0,0.0,0.0,0.0,0.0,267,0.0,0.0,0.0,0.0,0.0,0.0,0.0,0.0,0.0,0.0,0.0,0.0,0.0,0.0,0.0,0.0,0,514,463,63,0.0,0.0,2,0.0,0.0,0.0,0.0
Fiorentina,34,51.1,38,418,"3,420",40,23,6,6,82,3,1.05,0.61,1.66,0.89,1.5,0.0,0.0,0.0,0.0,38,38,"3,420",50,1.32,176,125,71.6,9,15,14,10,26.3,6,5,1,0,38.0,0.0,0.0,0.0,0.0,0.0,0.0,0.0,0.0,0.0,0.0,0.0,0.0,0.0,0.0,0.0,0.0,0.0,0.0,0.0,0.0,0.0,0.0,0.0,131,0.0,26.8,3.45,0.07,0.26,0.0,0.0,0.0,0.0,0.0,0.0,0.0,0.0,0.0,0.0,0.0,0.0,0.0,0.0,0.0,0.0,0.0,0.0,0.0,0.0,0.0,0.0,0.0,0.0,0.0,0.0,0.0,717,0.0,0.0,0.0,0.0,0.0,0.0,0.0,0.0,0.0,0.0,0.0,0.0,0.0,0.0,0.0,0.0,0.0,0.0,0.0,0.0,0.0,273,0.0,0.0,0.0,0.0,0.0,0.0,269,0.0,0.0,0.0,0.0,0.0,0.0,0.0,0.0,0.0,0.0,0.0,0.0,0.0,0.0,0.0,0.0,1,475,569,62,0.0,0.0,2,0.0,0.0,0.0,0.0
Genoa,36,48.8,38,418,"3,420",41,21,5,9,62,3,1.08,0.55,1.63,0.95,1.5,0.0,0.0,0.0,0.0,38,38,"3,418",52,1.37,163,111,68.1,10,11,17,9,23.7,7,7,0,0,38.0,0.0,0.0,0.0,0.0,0.0,0.0,0.0,0.0,0.0,0.0,0.0,0.0,0.0,0.0,0.0,0.0,0.0,0.0,0.0,0.0,0.0,0.0,0.0,143,0.0,32.9,3.76,0.08,0.25,0.0,0.0,0.0,0.0,0.0,0.0,0.0,0.0,0.0,0.0,0.0,0.0,0.0,0.0,0.0,0.0,0.0,0.0,0.0,0.0,0.0,0.0,0.0,0.0,0.0,0.0,0.0,643,0.0,0.0,0.0,0.0,0.0,0.0,0.0,0.0,0.0,0.0,0.0,0.0,0.0,0.0,0.0,0.0,0.0,0.0,0.0,0.0,0.0,427,0.0,0.0,0.0,0.0,0.0,0.0,274,0.0,0.0,0.0,0.0,0.0,0.0,0.0,0.0,0.0,0.0,0.0,0.0,0.0,0.0,0.0,0.0,1,470,537,50,0.0,0.0,2,0.0,0.0,0.0,0.0
Hellas Verona,34,40.2,38,418,"3,420",24,15,3,3,89,5,0.63,0.39,1.03,0.55,0.95,0.0,0.0,0.0,0.0,38,38,"3,420",61,1.61,157,95,61.1,3,12,23,6,15.8,5,2,3,0,38.0,0.0,0.0,0.0,0.0,0.0,0.0,0.0,0.0,0.0,0.0,0.0,0.0,0.0,0.0,0.0,0.0,0.0,0.0,0.0,0.0,0.0,0.0,0.0,141,0.0,33.5,3.71,0.05,0.15,0.0,0.0,0.0,0.0,0.0,0.0,0.0,0.0,0.0,0.0,0.0,0.0,0.0,0.0,0.0,0.0,0.0,0.0,0.0,0.0,0.0,0.0,0.0,0.0,0.0,0.0,0.0,585,0.0,0.0,0.0,0.0,0.0,0.0,0.0,0.0,0.0,0.0,0.0,0.0,0.0,0.0,0.0,0.0,0.0,0.0,0.0,0.0,0.0,439,0.0,0.0,0.0,0.0,0.0,0.0,397,0.0,0.0,0.0,0.0,0.0,0.0,0.0,0.0,0.0,0.0,0.0,0.0,0.0,0.0,0.0,0.0,3,598,336,63,0.0,0.0,4,0.0,0.0,0.0,0.0
Inter,29,59.8,38,418,"3,420",85,64,5,6,64,0,2.24,1.68,3.92,2.11,3.79,0.0,0.0,0.0,0.0,38,38,"3,420",35,0.92,111,75,68.5,27,6,5,18,47.4,4,4,0,0,38.0,0.0,0.0,0.0,0.0,0.0,0.0,0.0,0.0,0.0,0.0,0.0,0.0,0.0,0.0,0.0,0.0,0.0,0.0,0.0,0.0,0.0,0.0,0.0,229,0.0,35.2,6.03,0.12,0.35,0.0,0.0,0.0,0.0,0.0,0.0,0.0,0.0,0.0,0.0,0.0,0.0,0.0,0.0,0.0,0.0,0.0,0.0,0.0,0.0,0.0,0.0,0.0,0.0,0.0,0.0,0.0,875,0.0,0.0,0.0,0.0,0.0,0.0,0.0,0.0,0.0,0.0,0.0,0.0,0.0,0.0,0.0,0.0,0.0,0.0,0.0,0.0,0.0,356,0.0,0.0,0.0,0.0,0.0,0.0,248,0.0,0.0,0.0,0.0,0.0,0.0,0.0,0.0,0.0,0.0,0.0,0.0,0.0,0.0,0.0,0.0,0,499,396,61,0.0,0.0,1,0.0,0.0,0.0,0.0
Juventus,27,57.6,38,418,"3,420",59,41,2,5,52,2,1.55,1.08,2.63,1.5,2.58,0.0,0.0,0.0,0.0,38,38,"3,420",34,0.89,108,73,68.5,19,12,7,16,42.1,3,1,0,2,38.0,0.0,0.0,0.0,0.0,0.0,0.0,0.0,0.0,0.0,0.0,0.0,0.0,0.0,0.0,0.0,0.0,0.0,0.0,0.0,0.0,0.0,0.0,0.0,227,0.0,35.5,5.97,0.09,0.25,0.0,0.0,0.0,0.0,0.0,0.0,0.0,0.0,0.0,0.0,0.0,0.0,0.0,0.0,0.0,0.0,0.0,0.0,0.0,0.0,0.0,0.0,0.0,0.0,0.0,0.0,0.0,745,0.0,0.0,0.0,0.0,0.0,0.0,0.0,0.0,0.0,0.0,0.0,0.0,0.0,0.0,0.0,0.0,0.0,0.0,0.0,0.0,0.0,366,0.0,0.0,0.0,0.0,0.0,0.0,245,0.0,0.0,0.0,0.0,0.0,0.0,0.0,0.0,0.0,0.0,0.0,0.0,0.0,0.0,0.0,0.0,1,461,365,65,0.0,0.0,2,0.0,0.0,0.0,0.0
Lazio,30,50.4,38,418,"3,420",39,28,4,5,78,9,1.03,0.74,1.76,0.92,1.66,0.0,0.0,0.0,0.0,38,38,"3,420",40,1.05,158,116,74.7,14,12,12,15,39.5,5,3,2,0,38.0,0.0,0.0,0.0,0.0,0.0,0.0,0.0,0.0,0.0,0.0,0.0,0.0,0.0,0.0,0.0,0.0,0.0,0.0,0.0,0.0,0.0,0.0,0.0,156,0.0,37.4,4.11,0.08,0.22,0.0,0.0,0.0,0.0,0.0,0.0,0.0,0.0,0.0,0.0,0.0,0.0,0.0,0.0,0.0,0.0,0.0,0.0,0.0,0.0,0.0,0.0,0.0,0.0,0.0,0.0,0.0,511,0.0,0.0,0.0,0.0,0.0,0.0,0.0,0.0,0.0,0.0,0.0,0.0,0.0,0.0,0.0,0.0,0.0,0.0,0.0,0.0,0.0,304,0.0,0.0,0.0,0.0,0.0,0.0,295,0.0,0.0,0.0,0.0,0.0,0.0,0.0,0.0,0.0,0.0,0.0,0.0,0.0,0.0,0.0,0.0,1,402,522,37,0.0,0.0,0,0.0,0.0,0.0,0.0
Lecce,30,41.7,38,418,"3,420",28,20,1,2,69,2,0.74,0.53,1.26,0.71,1.24,0.0,0.0,0.0,0.0,38,38,"3,420",50,1.32,158,108,68.4,10,8,20,10,26.3,6,4,2,0,38.0,0.0,0.0,0.0,0.0,0.0,0.0,0.0,0.0,0.0,0.0,0.0,0.0,0.0,0.0,0.0,0.0,0.0,0.0,0.0,0.0,0.0,0.0,0.0,97,0.0,26.0,2.55,0.07,0.28,0.0,0.0,0.0,0.0,0.0,0.0,0.0,0.0,0.0,0.0,0.0,0.0,0.0,0.0,0.0,0.0,0.0,0.0,0.0,0.0,0.0,0.0,0.0,0.0,0.0,0.0,0.0,643,0.0,0.0,0.0,0.0,0.0,0.0,0.0,0.0,0.0,0.0,0.0,0.0,0.0,0.0,0.0,0.0,0.0,0.0,0.0,0.0,0.0,391,0.0,0.0,0.0,0.0,0.0,0.0,261,0.0,0.0,0.0,0.0,0.0,0.0,0.0,0.0,0.0,0.0,0.0,0.0,0.0,0.0,0.0,0.0,0,480,493,46,0.0,0.0,1,0.0,0.0,0.0,0.0
Milan,26,51.8,38,418,"3,420",53,37,7,9,64,3,1.39,0.97,2.37,1.21,2.18,0.0,0.0,0.0,0.0,38,38,"3,420",35,0.92,145,110,75.9,20,10,8,15,39.5,8,5,2,1,38.0,0.0,0.0,0.0,0.0,0.0,0.0,0.0,0.0,0.0,0.0,0.0,0.0,0.0,0.0,0.0,0.0,0.0,0.0,0.0,0.0,0.0,0.0,0.0,166,0.0,33.0,4.37,0.09,0.28,0.0,0.0,0.0,0.0,0.0,0.0,0.0,0.0,0.0,0.0,0.0,0.0,0.0,0.0,0.0,0.0,0.0,0.0,0.0,0.0,0.0,0.0,0.0,0.0,0.0,0.0,0.0,639,0.0,0.0,0.0,0.0,0.0,0.0,0.0,0.0,0.0,0.0,0.0,0.0,0.0,0.0,0.0,0.0,0.0,0.0,0.0,0.0,0.0,315,0.0,0.0,0.0,0.0,0.0,0.0,242,0.0,0.0,0.0,0.0,0.0,0.0,0.0,0.0,0.0,0.0,0.0,0.0,0.0,0.0,0.0,0.0,2,384,424,71,0.0,0.0,1,0.0,0.0,0.0,0.0
Napoli,29,59.0,38,418,"3,420",57,39,4,5,49,2,1.5,1.03,2.53,1.39,2.42,0.0,0.0,0.0,0.0,38,38,"3,420",36,0.95,110,73,67.3,23,7,8,15,39.5,10,7,3,0,38.0,0.0,0.0,0.0,0.0,0.0,0.0,0.0,0.0,0.0,0.0,0.0,0.0,0.0,0.0,0.0,0.0,0.0,0.0,0.0,0.0,0.0,0.0,0.0,179,0.0,35.7,4.71,0.11,0.3,0.0,0.0,0.0,0.0,0.0,0.0,0.0,0.0,0.0,0.0,0.0,0.0,0.0,0.0,0.0,0.0,0.0,0.0,0.0,0.0,0.0,0.0,0.0,0.0,0.0,0.0,0.0,668,0.0,0.0,0.0,0.0,0.0,0.0,0.0,0.0,0.0,0.0,0.0,0.0,0.0,0.0,0.0,0.0,0.0,0.0,0.0,0.0,0.0,269,0.0,0.0,0.0,0.0,0.0,0.0,234,0.0,0.0,0.0,0.0,0.0,0.0,0.0,0.0,0.0,0.0,0.0,0.0,0.0,0.0,0.0,0.0,1,425,438,56,0.0,0.0,0,0.0,0.0,0.0,0.0
Parma,32,44.2,38,418,"3,420",26,17,2,2,65,5,0.68,0.45,1.13,0.63,1.08,0.0,0.0,0.0,0.0,38,38,"3,420",46,1.21,160,113,71.3,11,12,15,13,34.2,6,5,1,0,38.0,0.0,0.0,0.0,0.0,0.0,0.0,0.0,0.0,0.0,0.0,0.0,0.0,0.0,0.0,0.0,0.0,0.0,0.0,0.0,0.0,0.0,0.0,0.0,104,0.0,25.6,2.74,0.06,0.23,0.0,0.0,0.0,0.0,0.0,0.0,0.0,0.0,0.0,0.0,0.0,0.0,0.0,0.0,0.0,0.0,0.0,0.0,0.0,0.0,0.0,0.0,0.0,0.0,0.0,0.0,0.0,640,0.0,0.0,0.0,0.0,0.0,0.0,0.0,0.0,0.0,0.0,0.0,0.0,0.0,0.0,0.0,0.0,0.0,0.0,0.0,0.0,0.0,317,0.0,0.0,0.0,0.0,0.0,0.0,259,0.0,0.0,0.0,0.0,0.0,0.0,0.0,0.0,0.0,0.0,0.0,0.0,0.0,0.0,0.0,0.0,4,413,483,50,0.0,0.0,1,0.0,0.0,0.0,0.0
Pisa,35,40.2,38,418,"3,420",25,13,6,7,78,5,0.66,0.34,1.0,0.5,0.84,0.0,0.0,0.0,0.0,38,38,"3,420",71,1.87,179,108,60.3,2,12,24,5,13.2,6,5,0,1,38.0,0.0,0.0,0.0,0.0,0.0,0.0,0.0,0.0,0.0,0.0,0.0,0.0,0.0,0.0,0.0,0.0,0.0,0.0,0.0,0.0,0.0,0.0,0.0,106,0.0,29.1,2.79,0.05,0.18,0.0,0.0,0.0,0.0,0.0,0.0,0.0,0.0,0.0,0.0,0.0,0.0,0.0,0.0,0.0,0.0,0.0,0.0,0.0,0.0,0.0,0.0,0.0,0.0,0.0,0.0,0.0,649,0.0,0.0,0.0,0.0,0.0,0.0,0.0,0.0,0.0,0.0,0.0,0.0,0.0,0.0,0.0,0.0,0.0,0.0,0.0,0.0,0.0,376,0.0,0.0,0.0,0.0,0.0,0.0,354,0.0,0.0,0.0,0.0,0.0,0.0,0.0,0.0,0.0,0.0,0.0,0.0,0.0,0.0,0.0,0.0,1,501,415,62,0.0,0.0,1,0.0,0.0,0.0,0.0
Roma,29,56.3,38,418,"3,420",59,41,5,7,68,3,1.55,1.08,2.63,1.42,2.5,0.0,0.0,0.0,0.0,38,38,"3,420",31,0.82,138,107,77.5,23,4,11,18,47.4,1,1,0,0,38.0,0.0,0.0,0.0,0.0,0.0,0.0,0.0,0.0,0.0,0.0,0.0,0.0,0.0,0.0,0.0,0.0,0.0,0.0,0.0,0.0,0.0,0.0,0.0,178,0.0,35.4,4.68,0.11,0.3,0.0,0.0,0.0,0.0,0.0,0.0,0.0,0.0,0.0,0.0,0.0,0.0,0.0,0.0,0.0,0.0,0.0,0.0,0.0,0.0,0.0,0.0,0.0,0.0,0.0,0.0,0.0,694,0.0,0.0,0.0,0.0,0.0,0.0,0.0,0.0,0.0,0.0,0.0,0.0,0.0,0.0,0.0,0.0,0.0,0.0,0.0,0.0,0.0,339,0.0,0.0,0.0,0.0,0.0,0.0,360,0.0,0.0,0.0,0.0,0.0,0.0,0.0,0.0,0.0,0.0,0.0,0.0,0.0,0.0,0.0,0.0,1,523,506,64,0.0,0.0,0,0.0,0.0,0.0,0.0
Sassuolo,34,46.2,38,418,"3,420",45,35,2,4,83,4,1.18,0.92,2.11,1.13,2.05,0.0,0.0,0.0,0.0,38,38,"3,420",50,1.32,183,133,72.7,14,7,17,8,21.1,6,5,1,0,38.0,0.0,0.0,0.0,0.0,0.0,0.0,0.0,0.0,0.0,0.0,0.0,0.0,0.0,0.0,0.0,0.0,0.0,0.0,0.0,0.0,0.0,0.0,0.0,143,0.0,35.2,3.76,0.11,0.3,0.0,0.0,0.0,0.0,0.0,0.0,0.0,0.0,0.0,0.0,0.0,0.0,0.0,0.0,0.0,0.0,0.0,0.0,0.0,0.0,0.0,0.0,0.0,0.0,0.0,0.0,0.0,445,0.0,0.0,0.0,0.0,0.0,0.0,0.0,0.0,0.0,0.0,0.0,0.0,0.0,0.0,0.0,0.0,0.0,0.0,0.0,0.0,0.0,308,0.0,0.0,0.0,0.0,0.0,0.0,299,0.0,0.0,0.0,0.0,0.0,0.0,0.0,0.0,0.0,0.0,0.0,0.0,0.0,0.0,0.0,0.0,1,455,462,66,0.0,0.0,2,0.0,0.0,0.0,0.0
Torino,30,44.1,38,418,"3,420",42,25,5,7,71,1,1.11,0.66,1.76,0.97,1.63,0.0,0.0,0.0,0.0,38,38,"3,420",63,1.66,169,106,62.7,12,9,17,12,31.6,4,4,0,0,38.0,0.0,0.0,0.0,0.0,0.0,0.0,0.0,0.0,0.0,0.0,0.0,0.0,0.0,0.0,0.0,0.0,0.0,0.0,0.0,0.0,0.0,0.0,0.0,151,0.0,33.6,3.97,0.08,0.25,0.0,0.0,0.0,0.0,0.0,0.0,0.0,0.0,0.0,0.0,0.0,0.0,0.0,0.0,0.0,0.0,0.0,0.0,0.0,0.0,0.0,0.0,0.0,0.0,0.0,0.0,0.0,665,0.0,0.0,0.0,0.0,0.0,0.0,0.0,0.0,0.0,0.0,0.0,0.0,0.0,0.0,0.0,0.0,0.0,0.0,0.0,0.0,0.0,337,0.0,0.0,0.0,0.0,0.0,0.0,309,0.0,0.0,0.0,0.0,0.0,0.0,0.0,0.0,0.0,0.0,0.0,0.0,0.0,0.0,0.0,0.0,0,530,377,63,0.0,0.0,0,0.0,0.0,0.0,0.0
Udinese,30,45.6,38,418,"3,420",44,30,5,5,71,2,1.16,0.79,1.95,1.03,1.82,0.0,0.0,0.0,0.0,38,38,"3,416",53,1.4,150,97,64.7,14,8,16,11,28.9,7,6,1,0,38.0,0.0,0.0,0.0,0.0,0.0,0.0,0.0,0.0,0.0,0.0,0.0,0.0,0.0,0.0,0.0,0.0,0.0,0.0,0.0,0.0,0.0,0.0,0.0,146,0.0,33.3,3.84,0.09,0.27,0.0,0.0,0.0,0.0,0.0,0.0,0.0,0.0,0.0,0.0,0.0,0.0,0.0,0.0,0.0,0.0,0.0,0.0,0.0,0.0,0.0,0.0,0.0,0.0,0.0,0.0,0.0,560,0.0,0.0,0.0,0.0,0.0,0.0,0.0,0.0,0.0,0.0,0.0,0.0,0.0,0.0,0.0,0.0,0.0,0.0,0.0,0.0,0.0,375,0.0,0.0,0.0,0.0,0.0,0.0,321,0.0,0.0,0.0,0.0,0.0,0.0,0.0,0.0,0.0,0.0,0.0,0.0,0.0,0.0,0.0,0.0,0,514,407,54,0.0,0.0,1,0.0,0.0,0.0,0.0
