name,team,r1
Thuram,Inter,STARTER
Martinez L.,Inter,STARTER
Dimarco,Inter,STARTER
Zielinski,Inter,STARTER
Calhanoglu,Inter,STARTER
Barella,Inter,STARTER
Diouf,Inter,STARTER
Bastoni,Inter,STARTER
Stones,Inter,STARTER
Akanji,Inter,STARTER
Martinez Jo.,Inter,STARTER
Varela G.,Monza,STARTER
Cutrone,Monza,STARTER
Colpani,Monza,STARTER
Mangas,Monza,STARTER
Akinsanmiro,Monza,STARTER
Colombo L.,Monza,STARTER
Birindelli,Monza,STARTER
Carboni A.,Monza,STARTER
Delli Carri,Monza,STARTER
Kouadio,Monza,STARTER
Thiam,Monza,STARTER
Davis K.,Udinese,STARTER
Zaniolo,Udinese,STARTER
Ekkelenkamp,Udinese,STARTER
Kamara H.,Udinese,STARTER
Karlstrom,Udinese,STARTER
Piotrowski,Udinese,STARTER
Vojvoda,Udinese,STARTER
Ebosse,Udinese,STARTER
Solet,Udinese,STARTER
Bertola,Udinese,STARTER
Okoye,Udinese,STARTER
Douvikas,Como,STARTER
Baturina,Como,STARTER
Paz N.,Como,STARTER
Diao,Como,STARTER
Da Cunha,Como,STARTER
Perrone,Como,STARTER
Kaiki,Como,STARTER
Ramon,Como,STARTER
Chalobah T.,Como,STARTER
Smolcic I.,Como,STARTER
Butez,Como,STARTER
Colombo,Genoa,STARTER
Vitinha O.,Genoa,STARTER
Baldanzi,Genoa,STARTER
Ellertsson,Genoa,STARTER
Amorim,Genoa,STARTER
Frendrup,Genoa,STARTER
Norton-Cuffy,Genoa,STARTER
Vasquez,Genoa,STARTER
Ostigard,Genoa,STARTER
Marcandalli,Genoa,STARTER
Bijlow,Genoa,STARTER
Santos A.,Napoli,STARTER
Hojlund,Napoli,STARTER
Politano,Napoli,STARTER
McTominay,Napoli,STARTER
Lobotka,Napoli,STARTER
Zambo Anguissa,Napoli,STARTER
Spinazzola,Napoli,STARTER
Marin R.,Napoli,STARTER
Rrahmani,Napoli,STARTER
Di Lorenzo,Napoli,STARTER
Meret,Napoli,STARTER
Tourè E.,Parma,STARTER
Romero D.,Parma,STARTER
Almqvist,Parma,STARTER
Bernabè,Parma,STARTER
Keita M.,Parma,STARTER
Sorensen O.,Parma,STARTER
Valeri,Parma,STARTER
Valenti,Parma,STARTER
Circati,Parma,STARTER
Delprato,Parma,STARTER
Corvi,Parma,STARTER
Kevin Carlos,Cagliari,STARTER
Maldini,Cagliari,STARTER
Fazzini,Cagliari,STARTER
Romano,Cagliari,STARTER
Winks,Cagliari,STARTER
Adopo,Cagliari,STARTER
Obert,Cagliari,STARTER
Rodriguez Ju.,Cagliari,STARTER
Mina,Cagliari,STARTER
Zè Pedro,Cagliari,STARTER
Caprile,Cagliari,STARTER
Schmid,Frosinone,STARTER
Raimondo,Frosinone,STARTER
Ghedjemis,Frosinone,STARTER
Masini,Frosinone,STARTER
Calò,Frosinone,STARTER
Grillitsch,Frosinone,STARTER
Terzic,Frosinone,STARTER
Monterisi,Frosinone,STARTER
Calvani,Frosinone,STARTER
Oyono A.,Frosinone,STARTER
Palmisani,Frosinone,STARTER
Kolo Muani,Juventus,STARTER
Yildiz,Juventus,STARTER
Alajbegovic,Juventus,STARTER
Conceicao,Juventus,STARTER
Locatelli,Juventus,STARTER
Thuram K.,Juventus,STARTER
Cambiaso,Juventus,STARTER
Kelly L.,Juventus,STARTER
Bremer,Juventus,STARTER
Kalulu,Juventus,STARTER
Di Gregorio,Juventus,STARTER
Adams A.,Venezia,STARTER
Yeboah J.,Venezia,STARTER
Haps,Venezia,STARTER
Basic,Venezia,STARTER
Busio,Venezia,STARTER
Perez K.,Venezia,STARTER
Hainaut,Venezia,STARTER
Halhal,Venezia,STARTER
Bella-Kotchap,Venezia,STARTER
Schingtienne,Venezia,STARTER
Stankovic F.,Venezia,STARTER
N'Dri,Lecce,STARTER
Geubbels,Lecce,STARTER
Pierotti,Lecce,STARTER
Gandelman,Lecce,STARTER
Ngom,Lecce,STARTER
Coulibaly L.,Lecce,STARTER
Gallo,Lecce,STARTER
Tiago Gabriel,Lecce,STARTER
Gaspar K.,Lecce,STARTER
Veiga D.,Lecce,STARTER
Falcone,Lecce,STARTER
Raspadori,Atalanta,STARTER
Scamacca,Atalanta,STARTER
Zalewski,Atalanta,STARTER
Ederson D.S.,Atalanta,STARTER
Gaetano,Atalanta,STARTER
Samardzic,Atalanta,STARTER
Bernasconi,Atalanta,STARTER
Scalvini,Atalanta,STARTER
Kristensen T.,Atalanta,STARTER
Zappacosta,Atalanta,STARTER
Carnesecchi,Atalanta,STARTER
Pinamonti,Sassuolo,STARTER
Laurientè,Sassuolo,STARTER
Adzic,Sassuolo,STARTER
Berardi,Sassuolo,STARTER
Matic,Sassuolo,STARTER
Thorstvedt,Sassuolo,STARTER
Doig,Sassuolo,STARTER
Idzes,Sassuolo,STARTER
Walukiewicz,Sassuolo,STARTER
Missori,Sassuolo,STARTER
Muric,Sassuolo,STARTER
Simeone,Torino,STARTER
Vlasic,Torino,STARTER
Casadei,Torino,STARTER
Cacciamani,Torino,STARTER
Fitz-Jim,Torino,STARTER
Gineitis,Torino,STARTER
Pedersen,Torino,STARTER
Comert,Torino,STARTER
Coco,Torino,STARTER
Comuzzo,Torino,STARTER
Paleari,Torino,STARTER
Ramos G.,Milan,STARTER
Loftus-Cheek,Milan,STARTER
Saelemaekers,Milan,STARTER
Bartesaghi,Milan,STARTER
Rabiot,Milan,STARTER
Modric,Milan,STARTER
Chukwueze,Milan,STARTER
Pavlovic,Milan,STARTER
Gabbia,Milan,STARTER
Gila,Milan,STARTER
Maignan,Milan,STARTER
Dovbyk,Bologna,STARTER
Rowe,Bologna,STARTER
Bernardeschi,Bologna,STARTER
Orsolini,Bologna,STARTER
Ferguson,Bologna,STARTER
Amondarain,Bologna,STARTER
Miranda J.,Bologna,STARTER
Heggem,Bologna,STARTER
Vitik,Bologna,STARTER
Zortea,Bologna,STARTER
Skorupski,Bologna,STARTER
Zaccagni,Lazio,STARTER
Dia,Lazio,STARTER
Cancellieri,Lazio,STARTER
Frattesi,Lazio,STARTER
Rovella,Lazio,STARTER
Taylor K.,Lazio,STARTER
Pedraza,Lazio,STARTER
Romagnoli,Lazio,STARTER
Doekhi,Lazio,STARTER
Marusic,Lazio,STARTER
Mandas,Lazio,STARTER
Malen,Roma,STARTER
Dybala,Roma,STARTER
Soulè,Roma,STARTER
Wesley,Roma,STARTER
Cristante,Roma,STARTER
Konè M.,Roma,STARTER
Molina N.,Roma,STARTER
Hermoso,Roma,STARTER
N'Dicka,Roma,STARTER
Mancini,Roma,STARTER
Svilar,Roma,STARTER
Gudmundsson A.,Fiorentina,STARTER
Kean,Fiorentina,STARTER
Mastantuono,Fiorentina,STARTER
Atta,Fiorentina,STARTER
Oulai,Fiorentina,STARTER
Ndour,Fiorentina,STARTER
Valdepenas,Fiorentina,STARTER
Viery,Fiorentina,STARTER
Dragusin,Fiorentina,STARTER
Joao Mario,Fiorentina,STARTER
De Gea,Fiorentina,STARTER
Daffara,Parma,DOUBT
Berisha M.,Lecce,DOUBT
Pulisic,Milan,DOUBT
Leao,Milan,DOUBT
Cataldi,Lazio,DOUBT
Isaksen,Lazio,DOUBT
Mkhitaryan,Inter,SUSPENDED
Kabasele,Udinese,SUSPENDED
Britschgi,Parma,SUSPENDED
Pessina,Monza,INJURED
Zanoli,Udinese,INJURED
Chakvetadze,Udinese,INJURED
Addai,Como,INJURED
Meichtry,Genoa,INJURED
Traorè Hj.,Genoa,INJURED
Beukema,Napoli,INJURED
Buongiorno,Napoli,INJURED
Marianucci,Napoli,INJURED
Neres,Napoli,INJURED
Cremaschi,Parma,INJURED
Nicolussi Caviglia,Parma,INJURED
Idrissi R.,Cagliari,INJURED
Ekhator,Juventus,INJURED
Sverko,Venezia,INJURED
Adorante,Venezia,INJURED
Hien,Atalanta,INJURED
Ahanor,Atalanta,INJURED
De Ketelaere,Atalanta,INJURED
Sulemana K.,Atalanta,INJURED
Candè,Sassuolo,INJURED
Pieragnolo,Sassuolo,INJURED
Boloca,Sassuolo,INJURED
Konè I.,Sassuolo,INJURED
Gimenez,Milan,INJURED
Patric,Lazio,INJURED
Pellegrini Lu.,Lazio,INJURED
Parisi,Fiorentina,INJURED
